{
	"selectors" : {
		
		
		"Body" : {
			"by" : "tagName",
			"selector" : "body"
		},
		"Spinner" : {
			"by" : "cssSelector",
			"selector" : ".pt-spinner-track"
		},
		
		
		"Header_Topbar" : {
			"by" : "className",
			"selector" : "topbar__menu"
		},
		"Header_Logo" : {
			"by" : "cssSelector",
			"selector" : "a.topbar__logo"
		},
		"Header_Logo_ControlPanel" : {
			"by" : "cssSelector",
			"selector" : ".app-topbar__logo"
		},
		"Header_Alacarte" : {
			"by" : "linkText",
			"selector" : "A la Carte"
		},
		"Header_Plan" : {
			"by" : "linkText",
			"selector" : "Meal Plans"
		},
		"Header_Plan_Complete" : {
			"by" : "linkText",
			"selector" : "Complete Plan"
		},
		"Header_Search" : {
			"by" : "cssSelector",
			"selector" : "div.topbar__search-block"
		},
		"Header_Search_Input" : {
			"by" : "cssSelector",
			"selector" : "input.pt-input"
		},
		"Header_Search_Result1" : {
			"by" : "linkText",
			"selector" : "Pasta"
		},
		"Header_Login" : {
			"by" : "linkText",
			"selector" : "Log In"
		},
		"Header_Account" : {
			"by" : "linkText",
			"selector" : "Account"
		},
		"Header_Cart" : {
			"by" : "cssSelector",
			"selector" : "button.pt-button.pt-minimal.pt-icon-shopping-cart.topbar__cart-btn.topbar__ma-top-8"
		},
		
		
		"Alacarte_Subscribe_Dialogue" : {
			"by" : "cssSelector",
			"selector" : "body > div.pt-portal > div > span > div.pt-dialog-container.pt-overlay-content > div"
		},
		"Alacarte_Dinner_Checkbox" : {
			"by" : "xpath",
			"selector" : "//label[contains(.,'Dinner')]"
		},
		"Alacarte_Menu_Item" : {
			"by" : "className",
			"selector" : "carte__item"
		},
		"Alacarte_Item_Select" : {
			"by" : "cssSelector",
			"selector" : "select"
		},
		"Alacarte_Item1_Add" : {
			"by" : "cssSelector",
			"selector" : "button[name='Soup 1']"
		},
		"Alacarte_Item2_Dropdown" : {
			"by" : "xpath",
			"selector" : "//div[@id='root']/div/div/div[2]/div[2]/div[2]/div[2]/div/div/div[2]/div/div/select"
		},
		"Alacarte_Item2_Add" : {
			"by" : "cssSelector",
			"selector" : "button[name='Pizza']"
		},
		
		
		"Plan_Gluten_Checkbox" : {
			"by" : "cssSelector",
			"selector" : "label.pt-control:nth-child(7) > span:nth-child(2)"
		},
		"Plan_Gluten_Label" : {
			"by" : "xpath",
			"selector" : "//label[contains(.,'Gluten Free')]"
		},
		"Plan_Create" : {
			"by" : "xpath",
			"selector" : "//button[contains(.,'Create Weekly Subscription')]"
		},
		"Plan_Create_Confirm" : {
			"by" : "cssSelector",
			"selector" : "body > div.pt-portal > div > span > div.pt-dialog-container.pt-overlay-content > div > div.pt-alert-footer > button:nth-child(1) > span"
		},
		
		
		"Cart_Subtotal" : {
			"by" : "cssSelector",
			"selector" : "div.cart__footer-subtotal:nth-child(8) > div:nth-child(2)"
		},
		"Cart_Code_Input" : {
			"by" : "cssSelector",
			"selector" : "input.pt-input.pt-fill"
		},
		"Cart_Code_Apply" : {
			"by" : "cssSelector",
			"selector" : "button.cart__promocode-btn"
		},
		"Cart_Shipping" : {
			"by" : "cssSelector",
			"selector" : ".pt-intent-orange"
		},
		"Cart_Shipping_Address1" : {
			"by" : "cssSelector",
			"selector" : "div.row:nth-child(5) > div:nth-child(2) > label:nth-child(1)"
		},
		"Cart_Shipping_Pickup" : {
			"by" : "xpath",
			"selector" : "//label[contains(.,'Launchbyte')]"
		},
		"Cart_Shipping_Confirm" : {
			"by" : "xpath",
			"selector" : "(//button[@type='button'])[3]"
		},
		"Cart_Checkout" : {
			"by" : "cssSelector",
			"selector" : "button.cart__checkout-btn"
		},
		"Cart_Checkout_Card_Frame" : {
			"by" : "cssSelector",
			"selector" : ".__PrivateStripeElement > iframe:nth-child(1)"
		},
		"Cart_Checkout_Card_Number" : {
			"by" : "name",
			"selector" : "cardnumber"
		},
		"Cart_Checkout_Card_Date" : {
			"by" : "name",
			"selector" : "exp-date"
		},
		"Cart_Checkout_Card_CVC" : {
			"by" : "name",
			"selector" : "cvc"
		},
		"Cart_Checkout_Card_Zip" : {
			"by" : "name",
			"selector" : "postal"
		},
		"Cart_Checkout_Close" : {
			"by" : "cssSelector",
			"selector" : ".pt-dialog-close-button"
		},
		"Cart_Checkout_Confirm" : {
			"by" : "xpath",
			"selector" : "//form/div/div/button"
		},
		
		
		"Account_Detail_Name" : {
			"by" : "cssSelector",
			"selector" : "div.row:nth-child(3) > div:nth-child(2)"
		},
		"Account_Detail_Edit" : {
			"by" : "xpath",
			"selector" : "//div[@id='root']/div/div/div[2]/div/div/div[2]/h2/span"
		},
		"Account_Detail_Edit_FirstName" : {
			"by" : "cssSelector",
			"selector" : "div.content__input-ma:nth-child(1) > div:nth-child(2) > input:nth-child(1)"
		},
		"Account_Detail_Edit_Save" : {
			"by" : "cssSelector",
			"selector" : "button.nu-button-h.content__button"
		},
		
		"Account_Delivery" : {
			"by" : "linkText",
			"selector" : "Delivery Information"
		},
		"Account_Delivery_Edit" : {
			"by" : "cssSelector",
			"selector" : ".account__edit"
		},
		"Account_Delivery_Edit_Delete" : {
			"by" : "cssSelector",
			"selector" : "button.pt-button:nth-child(1)"
		},
		"Account_Delivery_Add" : {
			"by" : "cssSelector",
			"selector" : "a.pt-button"
		},
		"Account_Delivery_Add_Street" : {
			"by" : "cssSelector",
			"selector" : "div.account__box:nth-child(4) > div:nth-child(1) > div:nth-child(2) > label:nth-child(1) > input:nth-child(1)"
		},
		"Account_Delivery_Add_City" : {
			"by" : "cssSelector",
			"selector" : "div.content__input-ma:nth-child(2) > div:nth-child(2) > label:nth-child(1) > input:nth-child(1)"
		},
		"Account_Delivery_Add_Zip" : {
			"by" : "cssSelector",
			"selector" : "label.pt-label:nth-child(3) > input:nth-child(1)"
		},
		"Account_Delivery_Add_Number" : {
			"by" : "cssSelector",
			"selector" : "div.content__input-value > input.pt-input.pt-large"
		},
		"Account_Delivery_Add_Default_Check" : {
			"by" : "cssSelector",
			"selector" : ".pt-control > input:nth-child(1)"
		},
		"Account_Delivery_Add_Default_Label" : {
			"by" : "xpath",
			"selector" : "//label[contains(.,'Set as default')]"
		},
		"Account_Delivery_Add_Default_Save" : {
			"by" : "cssSelector",
			"selector" : "button.nu-button-h.content__button"
		},
		
		"Account_Payment" : {
			"by" : "linkText",
			"selector" : "Payment Information"
		},
		"Account_Payment_Delete" : {
			"by" : "xpath",
			"selector" : "//div[@id='root']/div/div/div[2]/div/div/div[2]/div[3]/div/span"
		},
		"Account_Payment_Delete_Confirm" : {
			"by" : "xpath",
			"selector" : "//div[@id='root']/div/div/div[2]/div/div/div[2]/div[3]/div/div[3]/table/tbody/tr/td[5]/button"
		},
		
		"Account_Subscription" : {
			"by" : "linkText",
			"selector" : "Subscription"
		},
		"Account_Subscription_Cancel" : {
			"by" : "xpath",
			"selector" : "//div[@id='root']/div/div/div[2]/div/div/div[2]/div/div[2]/button[2]"
		},
		"Account_Subscription_Cancel_Confirm" : {
			"by" : "cssSelector",
			"selector" : "button.nu-button.subscription__cancel__confirm"
		},
		
		"Account_ControlPanel" : {
			"by" : "linkText",
			"selector" : "Control Panel"
		},
		"Account_SignOut" : {
			"by" : "linkText",
			"selector" : "Sign Out"
		},
		
		
		"Login_Email" : {
			"by" : "cssSelector",
			"selector" : "input[type='email']"
		},
		"Login_Password" : {
			"by" : "cssSelector",
			"selector" : "input[type='password']"
		},
		"Login_Confirm" : {
			"by" : "xpath",
			"selector" : "//button[contains(.,'Log In')]"
		},
		
		
		"ControlPanel_Table" : {
			"by" : "cssSelector",
			"selector" : ".pt-table"
		},
		"ControlPanel_Table_Delete" : {
			"by" : "xpath",
			"selector" : "//button[contains(.,'Delete')]"
		},
		"ControlPanel_Table_Delete_Confirm" : {
			"by" : "cssSelector",
			"selector" : "button.pt-intent-danger:nth-child(1)"
		},
		
		"ControlPanel_Meal_Add" : {
			"by" : "xpath",
			"selector" : "//div[@id='root']/div/div/div/div/div/div/div[2]/button"
		},
		"ControlPanel_Meal_Add_Name" : {
			"by" : "cssSelector",
			"selector" : "input.pt-fill:nth-child(2)"
		},
		"ControlPanel_Meal_Add_Price" : {
			"by" : "cssSelector",
			"selector" : "div.pt-input-group.pt-large > input.pt-input"
		},
		"ControlPanel_Meal_Add_Category" : {
			"by" : "cssSelector",
			"selector" : "select"
		},
		"ControlPanel_Meal_Add_Ingredients" : {
			"by" : "cssSelector",
			"selector" : "body > div.pt-portal > div > span > div.pt-dialog-container.pt-overlay-content > div > div.pt-dialog-body.bootstrap-wrapper > div > div:nth-child(10) > label > textarea"
		},
		"ControlPanel_Meal_Add_Create" : {
			"by" : "cssSelector",
			"selector" : "body > div.pt-portal > div > span > div.pt-dialog-container.pt-overlay-content > div > div.pt-dialog-body.bootstrap-wrapper > div > div:nth-child(14) > button"
		},
		"ControlPanel_Meal_Edit" : {
			"by" : "cssSelector",
			"selector" : "span.app__psedo-link"
		},
		"ControlPanel_Meal_Edit_Price" : {
			"by" : "cssSelector",
			"selector" : "div.pt-input-group.pt-large > input.pt-input"
		},
		"ControlPanel_Meal_Edit_Save" : {
			"by" : "xpath",
			"selector" : "/html/body/div[5]/div/span/div[2]/div/div[2]/div/div[14]/button[1]"
		},
		"ControlPanel_Meal_FirstItem" : {
			"by" : "cssSelector",
			"selector" : ".pt-table > tbody:nth-child(2) > tr:nth-child(1) > td:nth-child(3)"
		},
		
		"ControlPanel_Coupon" : {
			"by" : "linkText",
			"selector" : "Coupons"
		},
		"ControlPanel_Coupon_Add" : {
			"by" : "cssSelector",
			"selector" : "button.pt-button:nth-child(1)"
		},
		"ControlPanel_Coupon_Name" : {
			"by" : "cssSelector",
			"selector" : "div.col-6:nth-child(1) > label:nth-child(1) > input:nth-child(2)"
		},
		"ControlPanel_Coupon_Percent" : {
			"by" : "cssSelector",
			"selector" : "div.pt-input-group.pt-large > input.pt-input"
		},
		"ControlPanel_Coupon_Code" : {
			"by" : "cssSelector",
			"selector" : "div.col-6:nth-child(4) > label:nth-child(1) > input:nth-child(2)"
		},
		"ControlPanel_Coupon_Create" : {
			"by" : "cssSelector",
			"selector" : "body > div.pt-portal > div > span > div.pt-dialog-container.pt-overlay-content > div > div.pt-dialog-body.bootstrap-wrapper > div > div:nth-child(14) > button"
		},
		
		"ControlPanel_Delivery" : {
			"by" : "linkText",
			"selector" : "Delivery Zone"
		},
		"ControlPanel_Delivery_Add" : {
			"by" : "xpath",
			"selector" : "//div[@id='root']/div/div/div/div/div/div/div/button"
		},
		"ControlPanel_Delivery_Add_Title" : {
			"by" : "cssSelector",
			"selector" : "input.pt-fill"
		},
		"ControlPanel_Delivery_Add_Price" : {
			"by" : "cssSelector",
			"selector" : "div.pt-input-group.pt-large > input.pt-input"
		},
		"ControlPanel_Delivery_Add_Zips" : {
			"by" : "cssSelector",
			"selector" : "textarea.pt-input.pt-fill"
		},
		"ControlPanel_Delivery_Add_Create" : {
			"by" : "cssSelector",
			"selector" : "button.pt-large"
		}
		
		
	}
}